Designator,Footprint,Quantity,Value,LCSC Part #
"C1, C2, C3",C_0402_1005Metric,3,100n,C1525
"H1, H2, H3, H4",MountingHole_2.1mm,4,MountingHole,
H10,MountingHole_1.8mm,1,MountingHole,
H11,MountingHole_5.2mm,1,MountingHole,
"H12, H13",MountingHole_2.0mm,2,MountingHole,
H5,MountingHole_2.5mm,1,MountingHole,
"R1, R2",R_0603_1608Metric_Pad0.98x0.95mm_HandSolder,2,1.1k,C137780
"R5, R6, R7, R8",R_0603_1608Metric_Pad0.98x0.95mm_HandSolder,4,5.6k,C114627
SW1,SW-TH_L6.2-W6.2-P5.00,1,C_left,C395225
SW2,SW-TH_L6.2-W6.2-P5.00,1,C_up,C395225
SW3,SW-TH_L6.2-W6.2-P5.00,1,C_down,C395225
SW4,SW-TH_L6.2-W6.2-P5.00,1,C_right,C395225
U1,SOIC-8_3.9x4.9mm_P1.27mm,1,MCP3202,C56997
